PROJ_CD_TFD,R1,R2,R3,R4,R5,R6,R7,PROJ_DURN,CNTRY_DFT,CNTRY,REGION,FTE_INT,FTE_CONTR,CC,CUST,INSUR_BEFORE_AMT,INSUR_AFTER_AMT,INSUR_AMT,TAX_RT,CAP_UTIL,GNT_INVEST,LIQ_RSK,DIM_CONSTR,IPI,CTRCT_AMT_PLAN,PROFIT_PLAN
2,1,2,3,4,5,3,10,273,0.224,10,4,10,5,11400,1,55000,40150,95150,0.04,0.98,375000,0.04,1100,91.9065,500000,624690
8,0,1,1,1,1,8,10,181,0.118,5,3,6,5,11600,1,312000,227760,539760,0.08,0.95,1846000,0.19,1900,91.9065,2600000,3172233
9,1,2,2,2,2,8,6,273,0.14,5,3,3,3,11200,3,300000,219000,519000,0.11,0.99,875000,0.17,300,91.9065,2500000,2511626
3,0,1,3,3,3,4,1,90,0.103,9,4,4,4,11200,5,506000,344080,850080,0.08,0.89,2116000,0,1400,91.9065,4600000,5238419
5,0,1,2,1,5,8,5,273,0.051,6,3,4,3,10400,4,60000,41400,101400,0.05,0.85,220000,0.12,2000,91.9065,500000,548199
5,0,1,1,3,2,10,2,181,0.089,8,3,8,2,10500,3,171000,119700,290700,0.04,0.93,570000,0.03,900,91.9065,1900000,2016321
9,1,1,3,4,5,3,6,181,0.091,8,3,2,3,11600,3,11000,7920,18920,0.04,0.92,78000,0.18,300,91.9065,100000,125854
9,1,2,3,3,5,5,2,90,0.145,1,1,6,5,10700,4,396000,261360,657360,0.06,0.85,1296000,0.05,300,91.9065,3600000,3826892
4,1,2,3,4,4,6,10,273,0.146,5,3,6,4,10500,5,450000,306000,756000,0.12,0.87,2200000,0.06,900,91.9065,5000000,5909121
9,1,2,3,4,1,1,3,90,0.07,7,3,5,4,11000,3,230000,170200,400200,0.06,0.88,575000,0.05,1900,91.9065,2300000,2160761
9,1,2,3,1,5,6,4,273,0.131,8,3,3,4,10700,1,90000,65700,155700,0.07,0.69,270000,0.01,1500,92.2135,900000,914324
5,1,1,3,4,5,9,8,181,0.066,7,3,2,5,10500,4,16000,10880,26880,0.11,0.97,102000,0.14,1400,92.2135,200000,248515
2,1,2,2,4,4,5,2,273,0.111,5,3,5,4,11800,2,480000,340800,820800,0.1,0.91,1040000,0.01,1500,92.2135,4000000,3541941
9,1,1,1,1,1,1,2,365,0.117,6,3,8,2,10400,3,66000,46860,112860,0.06,1,162000,0.09,500,92.2135,600000,563959
3,1,2,1,4,1,7,8,273,0.141,6,3,7,3,11100,3,120000,90000,210000,0.05,0.84,510000,0.09,1100,92.2135,1000000,1131691
3,1,1,2,2,1,8,5,90,0.15,9,4,3,5,10600,2,333000,216450,549450,0.09,0.71,2479000,0.05,600,92.8133,3700000,4709641
6,0,1,1,4,1,3,9,181,0.122,6,3,9,2,11200,4,128000,90880,218880,0.06,0.84,1248000,0.07,1400,92.8133,1600000,2091370
8,0,1,2,4,2,2,5,90,0.066,9,4,10,2,10600,3,48000,32640,80640,0.1,0.75,176000,0.14,1500,92.8133,400000,439262
3,1,2,2,2,5,4,1,91,0.11,7,3,1,3,10800,4,370000,240500,610500,0.09,0.71,2220000,0.03,200,93.1984,3700000,4562358
3,0,2,1,3,1,5,5,275,0.139,7,3,10,4,10600,4,392000,282240,674240,0.03,0.65,3479000,0.18,1600,93.1984,4900000,6338216
6,1,2,2,3,5,9,7,91,0.073,3,2,5,4,11200,4,243000,179820,422820,0.09,0.9,1269000,0.08,500,93.1984,2700000,3211888
3,0,1,3,1,1,1,5,275,0.139,4,2,4,5,11600,1,10000,6600,16600,0.08,0.71,47000,0.02,600,93.1984,100000,117760
9,0,2,3,4,5,7,7,183,0.123,5,3,2,3,11700,4,220000,162800,382800,0.05,0.94,1420000,0.08,400,93.1984,2000000,2474338
0,1,1,2,4,5,5,10,275,0.111,2,1,7,3,11800,3,296000,192400,488400,0.08,0.97,1961000,0.05,600,93.1984,3700000,4634286
4,0,1,3,3,5,2,2,91,0.106,2,1,4,5,11900,5,170000,122400,292400,0.09,0.96,1139000,0.09,1100,94.6492,1700000,2119495
5,0,2,2,1,4,6,9,91,0.139,5,3,7,4,11600,2,286000,208780,494780,0.12,0.66,780000,0.15,1000,94.6492,2600000,2542340
6,0,2,3,3,5,5,6,183,0.118,3,2,3,3,10800,5,192000,142080,334080,0.03,0.75,1848000,0.14,1000,94.6492,2400000,3127457
1,1,2,3,1,5,7,10,275,0.085,2,1,3,4,10100,1,540000,372600,912600,0.09,0.79,3555000,0.15,1600,94.6492,4500000,5610415
8,1,2,3,2,2,1,5,365,0.098,5,3,10,3,10600,4,300000,216000,516000,0.1,0.91,1410000,0.02,1700,94.6492,3000000,3495920
4,1,2,1,1,1,9,3,183,0.131,2,1,9,2,11100,3,22000,15620,37620,0.09,0.8,104000,0.16,200,94.6492,200000,233865
1,1,1,2,3,5,10,4,275,0.114,9,4,8,5,10300,4,192000,140160,332160,0.03,0.96,928000,0.07,500,94.8328,1600000,1874065
1,1,2,2,4,1,8,3,275,0.067,1,1,6,3,10300,2,405000,263250,668250,0.06,0.81,3285000,0.15,400,94.8328,4500000,5788815
0,1,2,1,4,1,10,8,275,0.066,8,3,8,5,11800,3,468000,336960,804960,0.06,0.78,1326000,0.07,1700,94.8328,3900000,3882358
2,1,1,3,4,3,9,6,92,0.061,4,2,4,5,10200,4,63000,41580,104580,0.05,0.71,462000,0.01,100,95.2539,700000,888627
2,0,2,3,2,5,3,9,274,0.112,8,3,8,5,11000,4,320000,230400,550400,0.06,0.7,1200000,0.05,1400,95.2539,4000000,4390106
4,0,2,2,3,4,3,10,274,0.14,8,3,8,2,10200,3,290000,217500,507500,0.07,0.72,1363000,0.14,1700,95.6092,2900000,3365595
2,0,1,3,3,2,5,4,274,0.149,7,3,9,2,11200,3,430000,322500,752500,0.1,0.73,2021000,0.02,900,95.6092,4300000,4990213
3,1,2,2,4,5,6,7,365,0.098,2,1,1,5,10500,2,261000,182700,443700,0.11,0.68,986000,0.07,1600,95.6092,2900000,3201029
5,1,2,3,2,2,7,2,365,0.071,8,3,10,2,11200,4,392000,266560,658560,0.06,0.68,1911000,0.13,1900,95.8794,4900000,5787556
9,0,2,3,3,2,4,6,274,0.095,7,3,5,5,11000,4,130000,91000,221000,0.09,0.67,338000,0.01,1600,95.8794,1300000,1255466
0,0,2,2,2,1,2,9,274,0.081,4,2,3,5,11000,3,495000,341550,836550,0.1,0.76,1215000,0.01,1900,95.8794,4500000,4248054
1,0,1,2,4,3,1,2,273,0.145,2,1,9,4,10900,1,224000,163520,387520,0.04,0.68,1848000,0.02,1200,95.6362,2800000,3589037
7,1,1,3,3,4,7,7,92,0.06,5,3,7,4,11500,4,460000,299000,759000,0.05,0.65,2346000,0.11,1500,95.6362,4600000,5505201
8,0,1,1,3,2,1,10,182,0.057,9,4,1,5,10400,2,360000,237600,597600,0.03,0.81,1650000,0.16,300,95.6362,3000000,3504079
7,0,1,1,1,3,7,1,273,0.127,7,3,2,2,11300,1,300000,207000,507000,0.05,0.84,1140000,0.01,500,95.6362,3000000,3322648
8,1,1,2,3,4,1,8,182,0.134,6,3,10,5,11600,4,110000,72600,182600,0.09,0.76,410000,0.19,200,95.6362,1000000,1107244
5,1,1,3,2,4,9,10,92,0.064,3,2,6,2,10400,5,27000,19170,46170,0.05,0.82,189000,0.16,300,95.6362,300000,376895
8,0,1,2,4,5,6,9,365,0.059,10,4,5,4,11600,3,420000,310800,730800,0.12,0.9,2436000,0.01,1000,95.6362,4200000,5100576
5,0,1,2,2,4,3,4,92,0.13,1,1,10,3,10800,5,324000,213840,537840,0.09,0.89,1026000,0.05,200,95.6362,2700000,2838298
0,1,1,3,1,4,3,8,92,0.079,6,3,8,2,10200,1,288000,207360,495360,0.12,0.67,2736000,0.11,100,95.6362,3600000,4690363
3,1,1,1,3,2,4,7,273,0.125,7,3,6,4,10200,3,363000,243210,606210,0.06,0.78,1089000,0.19,1000,95.6362,3300000,3395838
3,1,1,1,3,2,8,8,273,0.094,8,3,3,3,10700,3,100000,67000,167000,0.12,0.94,490000,0.13,800,95.6362,1000000,1184145
7,1,2,1,2,2,7,6,92,0.142,10,4,3,3,10300,5,140000,105000,245000,0.1,0.81,644000,0.04,2000,95.6362,1400000,1616360
1,1,1,2,1,4,5,5,92,0.06,8,3,2,4,10100,4,280000,207200,487200,0.11,0.7,2184000,0.15,1100,95.6362,2800000,3561073
0,0,2,3,4,4,6,10,273,0.079,7,3,3,3,11400,2,176000,130240,306240,0.06,0.98,880000,0.15,1000,95.7002,2200000,2593068
9,1,1,2,4,3,7,2,182,0.094,5,3,4,3,10300,2,490000,318500,808500,0.06,0.77,2940000,0,1700,95.7002,4900000,6042095
7,1,1,1,3,4,8,7,182,0.078,2,1,4,3,10200,5,261000,177480,438480,0.12,0.65,2175000,0.15,700,95.7002,2900000,3734484
1,1,1,2,2,3,3,9,92,0.058,4,2,5,5,10500,4,150000,99000,249000,0.12,0.97,930000,0.05,300,95.7002,1500000,1857807
0,1,2,2,3,1,9,3,182,0.062,8,3,2,4,12000,4,168000,114240,282240,0.11,0.96,1008000,0.16,1800,95.7002,2100000,2581747
6,1,2,3,1,2,7,4,365,0.126,2,1,6,4,11200,2,63000,44730,107730,0.03,0.69,231000,0.11,1800,95.7002,700000,764847
5,1,2,3,1,3,2,6,273,0.124,7,3,2,5,11500,4,539000,377300,916300,0.04,0.92,1960000,0.03,1500,95.7002,4900000,5346611
3,1,2,3,2,1,6,1,273,0.106,2,1,6,5,10200,2,171000,119700,290700,0.06,0.78,475000,0.14,1800,95.7002,1900000,1885579
6,1,1,2,2,1,5,9,273,0.082,2,1,1,5,11400,3,330000,244200,574200,0.07,0.85,891000,0.06,1800,95.7002,3300000,3205754
1,0,2,2,3,4,5,3,273,0.1,1,1,4,3,10900,5,240000,160800,400800,0.11,0.66,500000,0.15,300,96.4959,2000000,1757582
2,0,2,2,1,3,9,1,365,0.097,4,2,4,4,10500,2,33000,24090,57090,0.06,0.68,171000,0.01,1900,96.4959,300000,357032
2,0,1,3,4,3,5,3,182,0.067,8,3,5,4,11000,5,252000,181440,433440,0.09,0.84,1232000,0.08,1700,96.4959,2800000,3292108
7,0,1,3,3,3,9,6,273,0.097,4,2,8,5,11000,3,72000,51840,123840,0.07,0.97,264000,0.19,1900,96.4959,600000,654281
3,0,2,3,1,5,6,7,182,0.07,9,4,2,4,10600,1,378000,264600,642600,0.1,0.8,2646000,0,900,96.4959,4200000,5279806
5,1,1,1,2,5,6,5,182,0.092,1,1,3,3,11200,3,108000,74520,182520,0.07,0.98,372000,0.12,1100,96.4959,1200000,1289835
8,1,2,1,1,3,2,6,92,0.104,7,3,3,2,11900,1,315000,211050,526050,0.1,0.73,875000,0.07,1600,96.4959,3500000,3497437
9,0,1,2,4,3,2,8,273,0.082,2,1,8,2,12000,4,430000,318200,748200,0.12,0.66,2193000,0.08,200,96.4283,4300000,5089728
9,0,1,2,1,5,5,4,90,0.051,10,4,7,4,10700,3,84000,58800,142800,0.07,0.65,294000,0.02,100,96.4283,700000,754838
0,0,1,3,4,2,2,1,273,0.107,4,2,4,3,10800,3,168000,124320,292320,0.06,0.9,1281000,0.12,500,96.4283,2100000,2662992
0,1,1,2,4,4,1,1,181,0.147,9,4,4,3,11600,3,153000,105570,258570,0.11,0.7,1003000,0.11,900,96.4283,1700000,2118219
3,1,1,2,1,2,4,6,365,0.106,2,1,1,5,11900,3,10000,6500,16500,0.11,0.65,40000,0.13,500,96.4283,100000,113501
0,0,2,1,1,4,1,10,181,0.1,7,3,6,4,10400,2,264000,184800,448800,0.11,0.78,1496000,0.15,600,96.4283,2200000,2671712
5,1,2,2,1,1,8,3,273,0.134,7,3,9,5,11200,3,451000,333740,784740,0.06,0.93,1886000,0.19,900,96.0111,4100000,4626150
7,0,1,2,3,3,6,3,90,0.115,1,1,6,5,10800,2,462000,318780,780780,0.07,0.93,2478000,0.16,1400,96.0111,4200000,5052966
3,0,1,3,1,4,1,9,90,0.087,1,1,8,3,10100,3,330000,214500,544500,0.09,0.83,1980000,0.18,1300,96.0111,3300000,4069157
8,1,1,1,1,2,6,3,181,0.054,1,1,1,2,11700,5,484000,338800,822800,0.07,0.96,1716000,0.08,500,96.0111,4400000,4763375
7,0,1,2,4,3,1,5,365,0.052,6,3,2,4,11300,4,429000,291720,720720,0.07,0.81,2925000,0.13,1000,96.8407,3900000,4892468
0,1,1,3,4,3,4,5,90,0.078,8,3,1,5,10900,3,351000,238680,589680,0.03,0.85,2379000,0.16,1600,96.8407,3900000,4888034
1,0,2,2,4,4,3,3,365,0.11,2,1,10,2,11100,1,64000,47360,111360,0.07,0.95,472000,0.01,200,96.8407,800000,1010117
7,0,2,1,3,4,7,10,365,0.114,3,2,7,3,11900,2,420000,294000,714000,0.09,0.72,2184000,0.18,1400,96.8407,4200000,5016092
6,1,1,1,2,4,6,10,181,0.079,3,2,10,4,10200,4,9000,6300,15300,0.1,0.69,65000,0.13,1600,96.8407,100000,126438
0,1,2,1,3,4,3,7,365,0.112,1,1,10,4,10800,2,540000,351000,891000,0.12,0.67,2880000,0.17,1700,96.8407,4500000,5433301
7,0,2,1,1,1,7,1,275,0.1,3,2,2,2,11100,4,280000,193200,473200,0.05,0.79,1708000,0.02,1500,96.4337,2800000,3448463
8,0,2,3,3,2,5,4,366,0.137,10,4,4,4,11400,4,270000,191700,461700,0.05,0.79,1020000,0.04,1100,96.6227,3000000,3305719
9,0,1,2,3,1,8,8,183,0.07,3,2,1,5,10500,4,250000,180000,430000,0.04,0.67,975000,0.14,400,96.6227,2500000,2775512
4,0,2,2,3,4,7,8,183,0.055,4,2,9,5,10200,3,600000,438000,1038000,0.09,0.75,3750000,0.16,700,96.6227,5000000,6158649
3,1,1,3,4,3,4,1,183,0.069,3,2,6,5,11400,1,88000,58960,146960,0.08,0.73,304000,0.07,2000,96.6227,800000,864046
9,1,1,2,1,4,5,1,366,0.071,5,3,7,5,10200,5,24000,17280,41280,0.09,0.75,216000,0.14,500,96.6227,300000,388912
2,0,1,2,1,3,9,4,366,0.078,2,1,1,4,11300,4,209000,137940,346940,0.07,0.99,627000,0.13,1600,96.6227,1900000,1959711
4,0,2,2,2,5,6,1,366,0.052,3,2,2,5,11200,4,600000,438000,1038000,0.08,1,3550000,0.07,800,96.6227,5000000,6100419
3,1,1,1,1,5,5,2,183,0.051,1,1,6,3,10600,4,310000,226300,536300,0.07,0.69,1271000,0.18,1700,96.6227,3100000,3484542
4,1,1,2,4,2,8,2,275,0.111,1,1,8,5,10700,1,264000,198000,462000,0.03,0.94,984000,0.04,200,96.6227,2400000,2615476
5,0,1,3,1,1,3,6,275,0.068,5,3,1,2,10800,2,121000,78650,199650,0.05,0.95,759000,0,1600,96.6227,1100000,1366384
3,0,1,2,1,3,2,6,275,0.136,1,1,4,5,10100,2,40000,26000,66000,0.04,0.7,150000,0.05,100,96.6227,500000,555863
6,1,2,3,3,3,10,10,275,0.14,1,1,2,4,10900,1,40000,26800,66800,0.04,0.88,124000,0.09,1800,96.8573,400000,416847
0,0,1,1,1,5,9,10,183,0.102,5,3,6,5,11400,5,55000,36300,91300,0.04,0.76,195000,0.17,1400,96.8573,500000,545536
6,1,2,1,4,5,9,8,275,0.107,3,2,1,5,10300,5,184000,134320,318320,0.1,0.7,575000,0.13,900,97.3169,2300000,2371772
3,0,1,2,1,2,4,6,184,0.118,9,4,4,2,11700,2,168000,109200,277200,0.05,0.77,546000,0.04,1800,97.3169,1400000,1487961
7,0,1,2,4,4,7,6,92,0.082,5,3,9,3,10100,5,84000,55440,139440,0.06,0.77,182000,0.13,1100,97.3169,700000,629009
6,1,1,2,2,3,6,4,92,0.076,9,4,2,4,10900,3,22000,15400,37400,0.12,0.66,92000,0.19,700,97.3169,200000,227167
6,0,2,2,2,4,1,8,92,0.051,2,1,6,3,10700,4,256000,171520,427520,0.04,0.83,1664000,0.14,1300,97.3169,3200000,3989106
1,0,1,3,2,3,3,4,275,0.146,3,2,9,2,10200,3,66000,46860,112860,0.08,1,456000,0.07,800,97.3169,600000,752362
0,1,2,2,1,3,2,7,92,0.132,6,3,8,2,11400,1,80000,52800,132800,0.04,0.83,260000,0.09,1500,97.3169,1000000,1060745
9,1,2,2,4,1,7,10,92,0.149,1,1,6,3,12000,3,324000,217080,541080,0.09,0.72,1584000,0.11,400,97.3169,3600000,4259946
3,1,1,2,2,3,9,4,275,0.124,3,2,2,3,12000,3,66000,45540,111540,0.09,0.75,198000,0.04,1700,97.3169,600000,615005
2,1,2,3,1,3,6,6,184,0.131,6,3,4,2,11300,4,240000,163200,403200,0.07,0.97,1180000,0.03,200,97.7956,2000000,2366578
0,1,2,3,1,5,2,1,366,0.054,5,3,7,2,11300,5,170000,127500,297500,0.11,0.68,731000,0.2,1500,97.7956,1700000,1929787
8,1,2,3,1,3,9,9,275,0.076,10,4,5,2,10200,1,99000,72270,171270,0.06,0.74,418000,0.09,1400,97.7956,1100000,1246562
6,1,1,3,1,1,2,1,366,0.055,3,2,3,2,10100,5,576000,420480,996480,0.07,0.68,2208000,0.12,500,97.7956,4800000,5293321
3,1,2,2,3,3,5,9,184,0.129,5,3,8,3,10800,3,54000,36720,90720,0.03,0.68,240000,0.08,1700,97.7956,600000,694018
5,0,2,1,3,1,9,3,92,0.057,2,1,1,5,10400,1,405000,271350,676350,0.1,0.76,3015000,0.19,700,97.7474,4500000,5718921
4,0,2,3,4,2,9,9,184,0.14,8,3,7,4,12000,2,387000,270900,657900,0.05,0.98,1978000,0.07,1200,97.7474,4300000,5117146
9,1,2,1,1,1,6,2,184,0.065,1,1,5,3,10800,5,296000,222000,518000,0.06,0.9,2664000,0.07,1700,97.7474,3700000,4784214
9,1,1,1,2,5,5,4,366,0.101,9,4,2,4,12000,5,384000,284160,668160,0.05,0.75,3600000,0.17,400,97.7474,4800000,6237901
3,0,2,2,1,1,4,1,274,0.137,7,3,7,3,11100,1,228000,164160,392160,0.07,0.68,1159000,0.19,800,98.4096,1900000,2253055
1,1,2,2,4,5,10,1,183,0.122,9,4,7,4,10600,5,48000,33600,81600,0.06,0.92,284000,0.12,400,98.4096,400000,489688
9,1,1,2,2,4,5,1,183,0.138,5,3,6,4,11200,4,176000,126720,302720,0.04,0.92,1104000,0.07,1300,98.4096,1600000,1973981
9,0,1,2,1,1,1,1,274,0.084,10,4,7,3,11600,4,121000,88330,209330,0.1,0.73,308000,0.1,400,98.4096,1100000,1044735
8,1,1,2,1,2,9,9,274,0.131,4,2,8,2,10600,4,418000,271700,689700,0.11,0.68,1558000,0.2,1200,98.281,3800000,4214240
9,1,2,3,4,5,7,5,274,0.11,6,3,1,5,10800,2,540000,405000,945000,0.09,0.66,1665000,0.19,900,98.281,4500000,4597343
1,1,1,3,1,5,6,3,366,0.125,5,3,10,4,10400,3,407000,276760,683760,0.11,0.86,2923000,0.13,700,98.281,3700000,4676008
1,1,2,3,3,1,9,6,183,0.054,2,1,9,5,10700,3,272000,179520,451520,0.1,0.71,1938000,0.04,500,98.281,3400000,4299213
7,1,2,2,3,3,8,6,366,0.146,8,3,6,5,11200,1,207000,138690,345690,0.08,0.86,598000,0.17,1600,98.281,2300000,2334031
2,1,1,2,3,5,1,1,92,0.052,7,3,4,5,11100,3,280000,196000,476000,0.12,0.73,2240000,0.06,800,98.281,3500000,4478825
2,1,1,1,1,5,7,7,92,0.088,6,3,5,2,10500,2,88000,61600,149600,0.04,1,814000,0.2,200,98.281,1100000,1431014
7,1,1,2,4,5,6,9,274,0.082,6,3,3,4,10300,1,286000,205920,491920,0.09,0.83,910000,0.08,1100,98.6739,2600000,2704074
2,0,2,1,4,4,10,5,183,0.051,9,4,1,3,10600,1,156000,115440,271440,0.12,0.74,1027000,0.17,1600,98.6739,1300000,1613481
1,1,1,1,1,1,7,7,366,0.119,3,2,7,3,10600,5,140000,95200,235200,0.12,0.99,840000,0.14,1900,98.6739,1400000,1721349
9,1,1,1,4,3,7,3,274,0.125,5,3,6,3,11100,2,110000,77000,187000,0.09,0.82,640000,0.08,600,98.6739,1000000,1220419
3,0,2,2,2,1,1,5,274,0.118,9,4,6,2,10200,1,40000,30000,70000,0.12,0.67,295000,0.11,300,98.6739,500000,630867
7,1,2,3,4,5,6,4,274,0.087,7,3,1,5,11500,2,348000,247080,595080,0.03,0.84,2233000,0.06,1300,98.6739,2900000,3594462
3,1,1,3,1,1,10,7,92,0.082,1,1,4,3,10600,4,384000,261120,645120,0.07,0.65,2640000,0.05,1900,98.6739,4800000,6028587
1,0,2,3,2,1,6,6,183,0.093,5,3,2,3,11600,4,88000,64240,152240,0.11,0.91,495000,0.14,800,98.6739,1100000,1329772
2,1,1,3,2,2,8,9,91,0.125,6,3,6,5,10200,3,286000,214500,500500,0.03,0.8,1404000,0.08,1700,99.3787,2600000,3047841
1,1,1,2,3,5,4,5,91,0.063,1,1,4,4,11800,5,256000,176640,432640,0.11,0.73,1696000,0.03,1900,99.3787,3200000,3993463
1,0,2,2,4,4,3,4,274,0.074,6,3,9,5,10700,1,460000,340400,800400,0.04,0.71,1242000,0.2,600,99.3787,4600000,4468550
6,1,2,3,4,4,9,1,182,0.056,7,3,9,3,10400,5,224000,147840,371840,0.07,0.93,980000,0.08,100,99.3787,2800000,3234863
1,0,2,3,1,2,5,8,182,0.112,2,1,3,3,10300,4,370000,259000,629000,0.04,0.65,1443000,0.03,700,99.3787,3700000,4121404
8,0,1,1,1,1,1,8,182,0.118,2,1,9,4,10700,2,216000,162000,378000,0.11,0.98,1332000,0.14,2000,99.3787,1800000,2207803
9,1,2,1,1,4,3,9,274,0.127,5,3,10,2,10400,2,80000,53600,133600,0.03,0.93,392000,0.04,600,99.6578,800000,947403
8,1,2,2,4,4,6,3,366,0.129,8,3,1,2,10300,5,117000,78390,195390,0.08,0.71,702000,0.15,100,99.6578,1300000,1600057
9,0,1,2,4,1,4,2,274,0.114,3,2,10,3,10100,3,588000,405720,993720,0.12,0.91,2989000,0.07,1000,99.6578,4900000,5831693
5,1,2,2,1,5,7,10,91,0.103,10,4,10,2,11600,1,100000,75000,175000,0.12,0.88,310000,0.05,600,99.6578,1000000,1023835
3,0,2,2,1,4,8,5,182,0.059,9,4,6,2,10400,5,552000,397440,949440,0.08,0.92,3312000,0.19,500,99.6578,4600000,5632017
2,0,1,3,1,2,5,9,182,0.128,5,3,1,3,11000,2,132000,87120,219120,0.07,0.9,759000,0.15,1500,98.9579,1100000,1345214
3,0,1,1,4,4,8,2,274,0.104,1,1,10,5,10300,3,250000,182500,432500,0.07,0.83,1400000,0.03,500,98.9579,2500000,3019438
3,1,2,2,2,2,4,6,366,0.15,7,3,7,3,11800,5,441000,304290,745290,0.08,0.83,3773000,0.14,800,98.9579,4900000,6324756
3,1,1,1,3,2,4,9,274,0.088,4,2,4,2,11400,2,96000,70080,166080,0.04,0.91,444000,0,700,98.9579,1200000,1391375
6,1,1,3,3,4,10,7,182,0.093,6,3,2,5,11500,3,315000,214200,529200,0.03,0.84,2590000,0.03,100,98.9579,3500000,4500057
5,0,1,2,2,1,1,7,366,0.131,7,3,3,2,11500,1,328000,242720,570720,0.11,0.9,2665000,0.06,1700,98.9579,4100000,5241777
4,0,1,1,2,3,10,8,275,0.053,8,3,7,3,10800,2,40000,29200,69200,0.08,0.72,164000,0.02,200,99.8396,400000,449943
6,1,2,3,2,5,2,2,275,0.062,4,2,4,2,11800,1,330000,240900,570900,0.12,0.87,1890000,0.05,1400,99.8396,3000000,3638626
7,0,2,2,4,5,10,9,365,0.066,9,4,1,2,10900,3,240000,168000,408000,0.08,0.91,840000,0.04,900,99.8396,2000000,2156640
2,0,2,3,2,4,6,6,275,0.112,7,3,5,3,12000,1,374000,273020,647020,0.04,0.76,1768000,0.09,1700,99.8396,3400000,3961840
1,0,1,2,3,4,2,9,275,0.143,3,2,2,3,11500,1,9000,6570,15570,0.05,0.75,52000,0.11,800,99.8396,100000,121739
8,0,2,2,2,2,6,4,91,0.123,2,1,2,4,10900,5,36000,23400,59400,0.07,0.95,117000,0.18,1100,99.8396,300000,318908
3,1,2,1,3,4,3,2,275,0.088,7,3,5,4,11900,4,420000,294000,714000,0.07,0.82,2058000,0.16,1500,99.8396,4200000,4953354
4,0,2,3,4,2,6,10,183,0.068,9,4,8,4,11500,4,492000,344400,836400,0.1,0.79,3034000,0.11,1800,100.0042,4100000,5053573
8,0,2,2,4,4,7,9,183,0.14,6,3,5,2,10200,5,242000,169400,411400,0.11,0.96,682000,0.17,100,100.0042,2200000,2195627
4,1,1,1,3,2,1,10,275,0.079,5,3,9,3,11400,5,370000,259000,629000,0.06,0.7,1036000,0.15,800,100.0042,3700000,3683160
4,0,2,3,3,2,5,7,183,0.091,9,4,5,2,10100,4,32000,23680,55680,0.04,0.95,112000,0.09,1800,100.0042,400000,428368
1,0,1,2,3,3,2,2,183,0.133,6,3,4,4,10400,2,340000,227800,567800,0.05,0.79,1326000,0,1800,100.0042,3400000,3806263
2,1,1,3,1,4,8,5,183,0.096,4,2,2,4,10700,3,384000,276480,660480,0.06,0.65,2176000,0.11,1000,100.0042,3200000,3877590
2,0,1,1,3,5,5,8,91,0.11,2,1,1,2,11400,2,396000,257400,653400,0.06,0.79,2068000,0.08,1000,100.0042,4400000,5290711
7,0,2,2,1,5,8,7,365,0.102,8,3,9,5,11500,4,260000,189800,449800,0.1,0.74,858000,0.1,1500,100.0318,2600000,2733506
6,0,2,2,3,4,1,9,365,0.065,5,3,7,2,11600,2,450000,319500,769500,0.11,0.97,2745000,0.18,800,100.0318,4500000,5531092
1,1,1,1,4,3,1,3,183,0.108,1,1,3,4,10900,5,153000,110160,263160,0.05,0.73,782000,0.14,300,100.0318,1700000,2018202
8,1,2,1,1,2,1,4,365,0.148,2,1,6,3,11100,1,144000,95040,239040,0.1,0.66,804000,0.12,1400,100.0318,1200000,1459903
5,0,2,3,3,4,5,7,274,0.084,8,3,5,4,11500,5,40000,28000,68000,0.11,0.93,104000,0.05,100,100.3132,400000,386620
9,0,1,3,1,4,3,1,92,0.135,7,3,10,3,11700,4,324000,223560,547560,0.05,0.95,1998000,0.07,1800,100.3132,2700000,3331236
0,0,2,3,3,5,3,2,184,0.077,3,2,8,4,10100,5,264000,176880,440880,0.07,0.95,1089000,0.12,300,100.3132,3300000,3750689
7,1,2,1,4,2,10,10,184,0.147,9,4,1,5,10300,3,150000,99000,249000,0.05,0.84,795000,0.02,1700,100.3132,1500000,1806883
9,1,2,1,1,2,5,2,92,0.083,5,3,2,3,11600,4,184000,136160,320160,0.11,0.87,874000,0.05,400,100.3132,2300000,2679411
5,0,2,1,1,4,10,8,184,0.076,5,3,6,3,10500,4,220000,156200,376200,0.08,0.94,960000,0.18,600,100.3132,2000000,2292236
6,0,2,3,4,1,6,6,184,0.099,6,3,1,4,10300,1,256000,171520,427520,0.12,0.67,1920000,0.05,1900,100.3132,3200000,4070851
8,1,1,3,4,2,9,2,184,0.148,7,3,5,3,12000,3,408000,289680,697680,0.12,0.69,1564000,0.07,1500,100.3132,3400000,3762180
9,1,1,1,3,1,9,4,274,0.089,5,3,3,4,11700,3,405000,287550,692550,0.06,0.73,1575000,0.2,700,100.3132,4500000,5000175
5,1,2,3,2,1,1,10,274,0.073,5,3,1,5,10600,4,407000,264550,671550,0.06,0.81,1073000,0.18,100,99.8389,3700000,3638173
1,0,1,3,4,4,1,5,365,0.12,7,3,3,5,10900,3,66000,49500,115500,0.1,0.87,156000,0.11,1900,99.8389,600000,548377
3,1,2,1,2,3,7,8,274,0.145,5,3,9,2,10600,5,216000,159840,375840,0.03,0.69,1008000,0.14,400,99.8389,2400000,2784494
2,0,2,1,3,2,6,10,184,0.144,10,4,5,5,11700,5,189000,141750,330750,0.11,1,714000,0.1,1900,99.8389,2100000,2297968
4,1,1,1,3,1,2,4,92,0.085,1,1,2,3,11000,2,9000,6660,15660,0.03,0.72,80000,0.08,900,99.8389,100000,129265
8,0,1,3,4,4,10,5,365,0.091,4,2,1,3,10600,3,304000,218880,522880,0.1,0.9,2660000,0.06,600,99.8389,3800000,4907668
1,1,2,1,2,2,7,5,184,0.08,9,4,3,5,10100,4,288000,195840,483840,0.05,0.89,2016000,0.09,100,99.8389,3200000,4029569
4,0,1,3,3,5,9,6,274,0.113,4,2,10,5,11600,5,135000,87750,222750,0.1,0.73,750000,0.1,700,99.8389,1500000,1825195
4,0,1,3,3,1,5,4,274,0.104,7,3,6,2,10400,5,429000,283140,712140,0.03,0.98,1287000,0.04,1900,99.9599,3900000,4022016
6,0,2,3,3,5,6,10,182,0.123,3,2,9,4,12000,4,120000,90000,210000,0.11,0.75,510000,0.08,1700,100.2146,1000000,1131616
5,0,2,2,3,4,3,2,182,0.126,10,4,1,2,11200,5,252000,176400,428400,0.06,0.92,1092000,0.02,1800,100.2146,2800000,3208183
8,0,1,3,1,5,3,9,92,0.095,10,4,10,2,11000,2,88000,66000,154000,0.06,0.65,616000,0.11,800,100.2146,1100000,1377042
3,0,1,3,4,3,4,1,92,0.109,5,3,7,4,12000,1,288000,210240,498240,0.05,0.89,864000,0.02,900,100.2146,2400000,2437261
6,0,1,2,3,4,8,2,273,0.122,1,1,5,3,10300,5,96000,64320,160320,0.05,0.68,492000,0.04,800,100.2146,1200000,1434363
1,1,1,3,4,2,5,10,273,0.127,7,3,10,3,11300,4,190000,127300,317300,0.12,0.65,475000,0.15,1900,100.2146,1900000,1817953
1,0,2,1,1,4,8,7,273,0.077,1,1,9,4,10600,5,279000,206460,485460,0.06,0.95,1395000,0.17,500,100.7651,3100000,3653707
1,1,2,3,4,3,4,4,273,0.059,8,3,10,2,11000,1,384000,249600,633600,0.05,0.93,2256000,0.16,1700,100.7651,4800000,5897956
3,0,2,2,2,2,9,1,182,0.075,4,2,6,3,11000,5,176000,132000,308000,0.07,0.67,1430000,0.2,1900,100.7651,2200000,2810658
0,0,2,2,1,2,7,6,182,0.143,7,3,3,4,10200,3,176000,130240,306240,0.11,0.72,550000,0.15,300,100.7651,2200000,2263776
9,1,2,3,4,1,5,7,273,0.113,8,3,3,5,10100,3,320000,233600,553600,0.11,0.76,2600000,0.06,1100,100.7651,4000000,5117520
5,1,1,1,2,4,8,5,182,0.092,9,4,6,5,10700,3,220000,158400,378400,0.03,0.77,1140000,0.19,1800,101.0382,2000000,2381158
8,1,1,1,1,5,4,10,273,0.147,3,2,8,5,11300,5,50000,33500,83500,0.12,0.92,185000,0.17,900,101.0382,500000,551709
1,1,2,2,4,5,10,2,273,0.136,1,1,2,4,10100,4,12000,8640,20640,0.07,0.92,63000,0.04,600,101.0382,100000,119579
4,0,1,3,4,2,2,1,182,0.095,4,2,8,4,12000,3,240000,175200,415200,0.1,0.94,1050000,0.03,1700,101.0382,3000000,3430489
2,0,2,3,1,2,7,10,90,0.098,10,4,9,5,10800,3,72000,47520,119520,0.09,0.77,480000,0.02,1800,100.9614,800000,1002106
5,1,1,1,2,1,8,1,90,0.062,4,2,10,2,10300,5,336000,231840,567840,0.1,0.68,1652000,0.15,900,100.9614,2800000,3308848
1,0,1,3,3,5,3,7,365,0.133,2,1,9,4,12000,2,440000,312400,752400,0.09,0.85,1320000,0,400,100.9614,4000000,4080215
8,0,1,3,4,5,3,9,90,0.129,5,3,9,2,11500,5,352000,235840,587840,0.12,0.82,1144000,0.11,1400,100.9614,4400000,4657028
8,1,1,1,2,3,5,3,90,0.105,8,3,7,4,10500,4,132000,88440,220440,0.07,0.84,836000,0.13,300,100.9614,1100000,1365747
3,0,2,2,1,4,7,8,181,0.117,4,2,3,5,10500,4,20000,14000,34000,0.1,0.77,94000,0.16,800,100.9614,200000,233863
7,0,2,1,1,2,4,10,181,0.084,4,2,3,3,10700,3,234000,163800,397800,0.07,0.66,1066000,0.14,800,101.4781,2600000,3015769
5,0,1,1,1,3,6,4,90,0.111,5,3,4,5,10300,1,234000,159120,393120,0.06,0.78,1586000,0.15,400,101.4781,2600000,3258725
5,0,2,2,4,4,5,9,273,0.079,6,3,5,4,10500,1,135000,94500,229500,0.05,0.68,1125000,0.07,1200,101.4781,1500000,1929099
8,1,2,1,2,2,2,2,273,0.129,5,3,9,4,10800,3,48000,34560,82560,0.11,0.79,316000,0.07,700,101.4781,400000,497524
9,1,1,2,4,5,5,8,273,0.089,3,2,5,5,10100,3,8000,5360,13360,0.06,0.67,30000,0.03,2000,101.4781,100000,111144
0,0,1,3,4,1,1,2,365,0.148,1,1,3,5,12000,4,320000,211200,531200,0.12,0.72,1760000,0,100,101.4781,4000000,4852341
4,1,2,3,2,2,6,2,273,0.141,6,3,2,5,11100,5,306000,223380,529380,0.07,0.91,2618000,0.04,2000,101.6302,3400000,4376863
1,0,2,3,1,2,8,5,181,0.115,1,1,6,3,11600,4,22000,14960,36960,0.12,0.94,62000,0.02,200,101.6302,200000,200783
2,1,2,2,3,1,8,2,273,0.125,9,4,6,2,11200,5,480000,331200,811200,0.12,0.73,2600000,0.02,900,101.6302,4000000,4821712
1,0,1,2,4,1,2,9,365,0.054,3,2,5,4,10600,3,168000,124320,292320,0.09,0.76,938000,0.04,1700,101.6302,1400000,1688169
5,1,2,1,1,2,8,4,365,0.132,7,3,9,3,12000,2,200000,140000,340000,0.03,0.73,1500000,0.01,1500,101.6302,2500000,3173133
5,0,2,3,4,1,10,7,365,0.13,8,3,2,5,11900,4,297000,193050,490050,0.03,0.9,1404000,0.17,900,101.6302,2700000,3180235
7,1,2,2,3,4,2,6,90,0.084,3,2,10,4,11800,3,108000,79920,187920,0.07,0.74,324000,0.01,400,101.6302,1200000,1216106
3,1,2,2,2,5,9,1,90,0.104,6,3,1,2,11200,3,256000,186880,442880,0.06,0.74,896000,0.16,1700,101.6302,3200000,3430781
8,0,1,1,1,5,4,7,365,0.122,5,3,6,2,11300,4,99000,73260,172260,0.11,0.8,407000,0.06,500,101.6302,1100000,1235817
4,0,1,2,3,4,4,5,91,0.126,7,3,6,3,12000,4,162000,119880,281880,0.07,0.87,792000,0.02,2000,101.5825,1800000,2110873
8,1,2,1,2,1,2,1,183,0.074,5,3,10,5,11900,1,84000,55440,139440,0.11,0.67,427000,0.06,1400,101.5825,700000,836332
0,1,1,2,3,3,1,5,275,0.072,10,4,4,3,10700,5,48000,34560,82560,0.05,0.96,228000,0.17,500,101.5825,400000,467463
3,0,1,1,2,5,4,4,91,0.129,2,1,6,3,10500,3,350000,234500,584500,0.06,0.67,1190000,0.09,1700,101.5825,3500000,3760073
6,0,1,2,2,4,8,1,275,0.07,5,3,10,4,10600,3,264000,198000,462000,0.03,0.87,1210000,0.13,2000,101.5825,2200000,2537824
2,1,2,3,1,5,1,7,183,0.111,9,4,7,4,11000,5,16000,11040,27040,0.07,0.98,76000,0.17,1000,101.5825,200000,234829
3,0,2,3,1,3,7,8,365,0.121,10,4,1,4,10400,1,60000,41400,101400,0.11,0.97,205000,0.12,1300,101.6016,500000,536314
8,1,2,3,3,1,9,1,275,0.149,5,3,8,4,10700,1,24000,18000,42000,0.06,0.88,118000,0.17,2000,101.6016,200000,234775
9,1,1,3,3,4,4,4,91,0.113,1,1,3,3,11300,4,300000,216000,516000,0.09,0.7,1800000,0.15,1600,101.6016,3000000,3673040
4,0,2,1,1,1,8,8,183,0.063,5,3,1,3,10800,3,156000,115440,271440,0.11,0.79,442000,0.19,1600,101.6016,1300000,1288239
0,0,1,2,1,1,7,5,275,0.084,9,4,4,4,10800,1,96000,68160,164160,0.07,0.93,684000,0.15,2000,101.6016,1200000,1511289
9,1,1,2,3,3,10,6,183,0.135,9,4,5,3,10300,4,140000,98000,238000,0.07,0.72,350000,0.13,600,101.8221,1400000,1329131
6,1,2,3,2,4,6,4,365,0.13,6,3,5,3,11000,3,432000,311040,743040,0.04,0.68,3792000,0.01,1200,101.8221,4800000,6201281
4,0,1,1,4,2,8,7,365,0.113,6,3,7,2,10600,4,387000,282510,669510,0.05,0.81,3440000,0.15,2000,101.8221,4300000,5559546
0,0,1,2,2,5,9,4,274,0.119,8,3,9,3,11300,2,180000,120600,300600,0.03,0.8,828000,0.15,300,101.2443,1800000,2101529
7,1,2,2,2,2,1,10,184,0.103,8,3,8,4,10500,3,408000,269280,677280,0.05,0.92,2312000,0.1,900,101.2443,3400000,4146890
1,0,2,1,3,4,1,3,184,0.071,6,3,5,5,10600,5,352000,256960,608960,0.12,1,1452000,0.07,1300,101.2443,4400000,4953977
5,1,1,2,2,2,4,7,365,0.084,9,4,8,3,11800,5,405000,271350,676350,0.04,0.95,2430000,0.05,1900,101.9928,4500000,5537860
9,1,1,2,1,3,7,2,184,0.094,2,1,7,5,11600,1,286000,197340,483340,0.03,0.85,1690000,0.17,700,101.9928,2600000,3184687
1,1,1,3,2,4,4,6,92,0.144,6,3,5,5,11600,1,297000,219780,516780,0.05,0.92,2442000,0.11,1000,101.9928,3300000,4225035
9,1,1,1,4,2,5,7,92,0.112,3,2,8,4,10600,4,288000,204480,492480,0.03,0.95,1512000,0.08,1600,101.9928,2400000,2868400
8,0,1,3,3,1,2,1,274,0.085,4,2,4,3,10800,2,108000,71280,179280,0.04,0.95,279000,0.01,1700,101.9928,900000,875627
1,0,2,1,1,2,10,6,274,0.113,5,3,10,5,10500,1,396000,269280,665280,0.05,0.65,2409000,0.17,1600,101.9928,3300000,4066396
7,0,2,3,4,5,8,9,365,0.068,9,4,9,2,11500,4,208000,143520,351520,0.05,0.75,832000,0.01,200,101.9928,2600000,2921881
0,0,1,1,3,3,10,6,184,0.057,5,3,1,3,10200,5,72000,46800,118800,0.06,0.82,368000,0.16,200,101.9928,800000,958024
7,1,1,2,4,2,9,4,274,0.101,6,3,10,3,10700,3,99000,69300,168300,0.08,0.65,414000,0.16,800,101.9928,900000,1022054
8,0,1,2,2,3,9,10,184,0.133,8,3,10,5,11600,1,72000,54000,126000,0.1,0.92,256000,0,1600,101.9928,800000,859176
5,1,1,2,2,1,7,7,184,0.079,1,1,3,4,10600,4,20000,15000,35000,0.04,0.74,154000,0.2,1600,101.9928,200000,253858
7,0,1,2,2,5,10,2,92,0.117,5,3,4,2,11600,5,352000,239360,591360,0.07,0.84,2272000,0.1,300,102.4847,3200000,3981043
8,0,2,3,4,2,1,5,365,0.09,2,1,8,2,10100,5,240000,170400,410400,0.06,0.95,1710000,0.2,1600,102.4847,3000000,3777909
1,0,2,2,1,4,2,4,184,0.13,10,4,2,4,11700,3,88000,60720,148720,0.12,0.8,544000,0.03,1800,102.4847,800000,987554
9,1,2,2,3,2,3,9,184,0.099,9,4,7,2,10400,5,189000,141750,330750,0.03,0.79,777000,0.18,1100,102.4847,2100000,2354927
4,0,1,3,1,5,6,10,273,0.106,4,2,5,5,11800,4,200000,146000,346000,0.07,0.65,1750000,0.15,2000,102.4287,2500000,3226659
2,0,2,3,3,2,8,4,182,0.125,3,2,1,5,10600,2,50000,34000,84000,0.04,0.77,345000,0.04,100,102.4287,500000,628431
2,1,2,1,3,1,4,8,182,0.144,7,3,3,2,11000,1,480000,350400,830400,0.08,0.8,2840000,0.11,200,102.4287,4000000,4880274
6,0,2,1,3,3,7,10,92,0.115,3,2,8,3,11900,5,208000,147680,355680,0.09,0.86,1092000,0.04,2000,102.4287,2600000,3107476
6,1,2,3,4,5,1,5,92,0.081,10,4,5,3,10200,2,340000,251600,591600,0.12,0.67,2720000,0.07,1100,102.4287,3400000,4338238
4,0,1,2,3,2,9,5,92,0.085,6,3,7,5,11400,2,184000,128800,312800,0.03,0.88,1173000,0.05,1000,102.4287,2300000,2850469
9,0,1,2,4,5,9,2,182,0.111,10,4,1,5,10400,2,552000,408480,960480,0.07,0.79,1610000,0.03,300,102.7732,4600000,4610607
9,0,1,2,3,3,8,4,365,0.053,3,2,10,5,11000,5,504000,342720,846720,0.03,0.96,1722000,0.05,1500,102.7732,4200000,4510763
2,1,1,1,1,5,5,10,273,0.068,9,4,7,2,11900,2,189000,124740,313740,0.08,1,546000,0.13,1400,102.7732,2100000,2135857
1,0,1,1,4,3,7,9,273,0.094,4,2,2,5,11400,2,225000,168750,393750,0.05,0.73,825000,0.15,1700,102.7732,2500000,2710659
8,0,2,3,3,3,1,2,182,0.101,7,3,3,5,10100,2,552000,358800,910800,0.07,0.87,2438000,0.06,500,102.7732,4600000,5333964
1,0,1,3,1,2,5,9,182,0.11,5,3,5,2,10700,5,297000,213840,510840,0.03,0.98,1650000,0.01,800,102.7732,3300000,3983845
9,0,1,2,4,4,7,1,273,0.147,7,3,9,2,10100,4,330000,221100,551100,0.04,0.67,1782000,0.16,600,102.9513,3300000,3984772
0,0,2,2,2,2,9,4,273,0.091,8,3,5,5,11900,4,336000,252000,588000,0.07,0.99,3024000,0.17,500,102.9513,4200000,5430781
8,1,2,2,2,5,4,4,273,0.124,9,4,10,4,10500,3,297000,196020,493020,0.05,0.71,1134000,0,600,102.9513,2700000,3009931
9,1,1,3,1,5,6,6,273,0.112,4,2,9,2,11100,5,473000,331100,804100,0.11,0.74,2666000,0.04,600,102.9513,4300000,5216738
8,1,1,3,1,2,7,8,92,0.139,3,2,5,2,11300,2,368000,239200,607200,0.03,0.9,2484000,0.04,500,102.9513,4600000,5777132
3,1,1,1,3,4,2,1,182,0.099,8,3,2,2,10200,1,264000,182160,446160,0.12,0.97,2046000,0.19,1400,102.9513,3300000,4209340
0,1,1,3,3,4,3,6,365,0.098,7,3,2,2,11200,1,248000,166160,414160,0.09,0.85,837000,0.12,1800,102.9513,3100000,3322867
7,0,2,1,4,5,7,5,181,0.075,8,3,4,3,11400,5,143000,94380,237380,0.06,0.96,988000,0.12,200,102.4621,1300000,1636827
2,0,1,2,2,3,10,10,365,0.119,8,3,8,4,11400,2,120000,78000,198000,0.07,0.86,852000,0.18,2000,102.4621,1200000,1518111
5,1,1,2,3,4,5,8,90,0.065,7,3,7,4,10900,4,576000,432000,1008000,0.07,0.99,2448000,0.04,1600,102.4621,4800000,5430895
9,0,1,1,3,1,9,2,181,0.147,5,3,4,2,11400,3,396000,285120,681120,0.07,0.8,2304000,0.08,1400,102.4621,3600000,4383574
4,1,1,2,4,2,5,9,181,0.072,6,3,2,4,10600,2,104000,71760,175760,0.1,0.96,494000,0.07,1400,102.4621,1300000,1524776
8,1,2,1,1,3,3,7,365,0.077,2,1,6,3,10200,2,152000,109440,261440,0.07,0.9,779000,0.19,1000,102.4621,1900000,2257155
7,0,2,1,2,4,10,2,181,0.081,6,3,6,5,12000,4,600000,390000,990000,0.1,0.91,2550000,0.09,1600,102.4621,5000000,5743673
5,1,2,3,3,4,8,10,181,0.121,5,3,9,3,10100,2,352000,242880,594880,0.05,0.92,1984000,0.05,100,102.4621,3200000,3886465
1,0,2,2,2,4,4,10,181,0.073,7,3,2,2,10200,5,552000,364320,916320,0.06,0.69,3680000,0.01,100,103.2919,4600000,5761511
4,1,1,3,1,5,6,4,181,0.127,7,3,10,4,10200,3,320000,217600,537600,0.09,0.97,1480000,0.14,500,103.2919,4000000,4669033
0,0,1,1,3,2,9,3,365,0.074,7,3,7,5,11600,1,18000,12600,30600,0.06,0.85,54000,0,2000,103.2919,200000,205059
7,0,1,2,3,5,3,2,365,0.115,3,2,7,4,11000,2,456000,296400,752400,0.07,0.67,1596000,0.2,800,103.2919,3800000,4135862
0,1,1,1,2,1,6,6,181,0.107,8,3,4,5,11600,4,150000,102000,252000,0.08,0.65,795000,0.07,800,103.2919,1500000,1802662
6,1,2,2,3,5,8,5,365,0.127,9,4,10,2,11300,3,392000,278320,670320,0.04,0.88,2401000,0.19,1000,103.2919,4900000,6027012
2,1,2,3,4,4,5,6,273,0.066,3,2,5,2,10300,2,120000,87600,207600,0.03,0.91,810000,0.02,1500,103.2919,1500000,1870810
7,1,1,3,2,5,4,7,90,0.058,6,3,2,3,11000,4,120000,78000,198000,0.06,0.81,410000,0.14,1200,104.0896,1000000,1080214
8,0,2,2,1,1,6,2,273,0.074,5,3,7,4,11100,4,430000,309600,739600,0.09,0.98,2279000,0.01,1600,104.0896,4300000,5143120
8,1,1,2,4,2,7,3,181,0.096,3,2,3,2,11900,4,468000,351000,819000,0.03,0.94,2418000,0.2,1200,104.0896,3900000,4623323
2,0,2,3,3,1,9,4,183,0.089,7,3,2,4,10800,3,50000,35500,85500,0.06,0.65,290000,0.2,1300,104.2409,500000,609274
9,0,1,3,1,2,1,8,183,0.098,9,4,5,5,10400,4,252000,189000,441000,0.04,0.98,567000,0.03,500,104.2409,2100000,1872971
3,1,1,3,4,5,5,7,365,0.111,8,3,1,4,10600,2,492000,339480,831480,0.06,0.94,3239000,0.14,1100,104.2409,4100000,5111783
3,1,2,2,2,3,9,10,365,0.074,2,1,7,3,10400,3,390000,276900,666900,0.12,0.73,3120000,0.19,600,104.2409,3900000,4987213
1,1,1,3,3,3,7,6,365,0.145,9,4,9,3,11000,1,462000,346500,808500,0.1,0.72,2058000,0.2,1500,104.2409,4200000,4810612
7,0,1,2,4,2,2,6,275,0.136,9,4,7,3,10800,2,36000,25920,61920,0.03,1,112000,0,1100,104.2409,400000,413087
3,1,1,2,2,3,4,9,183,0.058,8,3,5,2,10800,1,143000,105820,248820,0.11,0.82,806000,0.07,1600,104.2409,1300000,1570348
0,1,2,1,3,1,8,4,91,0.116,6,3,4,2,10300,4,528000,380160,908160,0.1,0.86,1980000,0.06,400,104.2409,4400000,4828706
1,0,1,1,2,3,4,5,183,0.083,7,3,10,4,11400,5,264000,179520,443520,0.12,0.85,1947000,0.17,700,104.6541,3300000,4185514
3,0,2,1,4,2,3,10,183,0.145,2,1,6,2,11600,4,72000,54000,126000,0.07,0.65,584000,0.15,500,104.6541,800000,1021922
9,1,2,1,4,3,8,4,275,0.066,7,3,2,3,11300,5,121000,82280,203280,0.08,0.88,660000,0.08,300,105.1223,1100000,1329429
4,0,2,2,4,1,1,6,275,0.122,2,1,8,5,10500,4,240000,165600,405600,0.03,0.77,1020000,0.2,500,105.1223,2000000,2283812
9,1,1,1,2,3,2,2,365,0.068,10,4,10,4,11300,4,240000,180000,420000,0.05,0.65,1776000,0.16,1300,105.1223,2400000,3028620
6,1,1,1,4,5,6,10,183,0.134,5,3,7,2,12000,3,200000,134000,334000,0.12,0.91,800000,0.07,200,105.1223,2000000,2254692
1,0,2,1,1,4,1,3,183,0.077,7,3,8,4,11400,2,250000,175000,425000,0.08,0.91,1625000,0.17,800,105.1223,2500000,3107952
3,0,1,3,1,5,2,5,274,0.068,10,4,2,3,11500,4,100000,69000,169000,0.07,0.76,300000,0.15,1400,105.2073,1000000,1024826
0,1,1,1,3,1,10,5,92,0.134,1,1,1,3,10900,5,360000,255600,615600,0.05,0.79,1880000,0.1,2000,105.2073,4000000,4775418
6,0,1,2,3,5,7,9,274,0.121,10,4,7,4,10900,4,220000,154000,374000,0.11,0.76,1496000,0.1,1900,105.2073,2200000,2754036
9,1,1,2,2,3,1,8,184,0.117,4,2,5,5,11100,3,296000,216080,512080,0.07,0.74,1110000,0.19,600,105.2073,3700000,4053639
1,0,2,2,4,3,4,10,365,0.073,6,3,7,5,10100,2,176000,126720,302720,0.04,0.78,1280000,0.12,1900,105.2073,1600000,2019122
7,1,2,3,2,3,3,2,365,0.097,7,3,4,5,10600,5,528000,353760,881760,0.04,0.71,2068000,0.08,900,105.2073,4400000,4931645
6,1,2,3,2,5,9,10,184,0.12,10,4,2,5,11400,4,10000,6900,16900,0.08,0.78,30000,0.14,300,105.2073,100000,102733
8,1,2,3,2,3,1,1,92,0.063,5,3,3,4,11600,3,63000,47250,110250,0.05,1,518000,0.06,1900,105.2073,700000,895646
4,0,1,2,3,2,3,1,274,0.076,5,3,4,3,10700,5,528000,385440,913440,0.1,0.74,3036000,0,1100,105.1989,4400000,5340457
7,0,2,2,2,4,3,6,274,0.053,7,3,4,2,10400,1,410000,303400,713400,0.04,0.66,2952000,0.1,1900,105.1989,4100000,5157785
5,0,1,3,4,2,3,6,92,0.107,4,2,6,5,11500,2,20000,13600,33600,0.06,0.87,52000,0.1,2000,105.1989,200000,194243
8,0,2,2,4,2,7,8,92,0.147,1,1,1,3,11900,2,240000,175200,415200,0.05,0.74,1800000,0.11,300,105.1989,2400000,3038801
0,0,1,3,2,2,3,7,184,0.141,8,3,9,2,12000,1,408000,301920,709920,0.05,0.89,1768000,0.13,1300,105.1989,3400000,3872496
7,0,1,2,2,3,10,9,274,0.104,1,1,7,4,11800,5,360000,248400,608400,0.05,1,1260000,0.04,1600,105.1989,3600000,3888910
5,0,1,1,4,5,7,1,365,0.121,7,3,8,3,10700,3,170000,112200,282200,0.09,0.76,714000,0.09,500,105.1989,1700000,1944464
4,1,2,3,4,2,10,2,274,0.14,9,4,5,5,10100,3,360000,270000,630000,0.11,0.74,1296000,0.05,500,105.1989,3600000,3880609
8,0,1,1,4,1,3,7,184,0.127,9,4,10,3,11200,1,100000,75000,175000,0.06,1,290000,0.2,1200,105.575,1000000,998089
7,0,2,2,2,1,6,2,274,0.056,6,3,1,4,10100,3,144000,96480,240480,0.08,0.71,1152000,0.13,1800,105.575,1600000,2052061
6,0,1,2,4,1,1,2,365,0.064,2,1,10,2,12000,2,248000,168640,416640,0.12,0.86,1891000,0.09,1800,105.575,3100000,3949198
2,1,2,1,3,5,4,2,184,0.122,3,2,5,4,11900,3,460000,345000,805000,0.09,0.77,2392000,0.01,1600,105.575,4600000,5460611
0,1,2,2,3,4,3,10,365,0.106,4,2,1,5,10500,5,470000,324300,794300,0.1,0.86,2303000,0.05,800,105.575,4700000,5550203
9,1,2,1,2,4,9,2,184,0.121,1,1,8,2,10300,4,48000,35520,83520,0.04,0.98,294000,0.12,1900,105.575,600000,735969
0,0,2,1,4,4,6,4,365,0.087,1,1,4,2,10200,1,225000,155250,380250,0.05,0.85,1725000,0.13,100,105.575,2500000,3184641
0,0,2,3,4,1,4,5,274,0.123,2,1,8,4,11400,1,324000,213840,537840,0.08,0.98,1593000,0.09,1500,105.575,2700000,3203087
8,0,1,2,4,1,8,10,365,0.119,8,3,6,2,11800,2,312000,234000,546000,0.12,0.96,728000,0.08,1000,105.575,2600000,2360032
2,0,2,3,4,2,1,6,184,0.058,5,3,9,5,10400,1,432000,315360,747360,0.04,0.8,2592000,0,700,105.575,3600000,4403216
1,1,2,1,4,3,1,2,182,0.125,3,2,10,4,10100,4,231000,154770,385770,0.1,0.95,567000,0.1,1900,105.6441,2100000,1993039
8,1,2,3,2,4,7,3,92,0.053,9,4,10,5,11800,4,144000,102240,246240,0.09,0.9,1232000,0.1,800,105.6441,1600000,2062479
1,1,1,2,4,5,7,1,273,0.054,5,3,8,4,11400,4,162000,116640,278640,0.07,0.76,1368000,0.01,500,105.6441,1800000,2315305
3,1,2,3,4,1,5,9,182,0.142,6,3,1,2,10600,3,351000,256230,607230,0.06,0.78,2964000,0.01,1900,105.6441,3900000,5012758
8,0,1,1,3,3,1,6,92,0.124,1,1,5,4,10900,5,396000,277200,673200,0.03,0.73,1232000,0.05,400,106.6868,4400000,4558076
6,1,2,1,1,1,4,10,92,0.088,8,3,2,2,12000,4,216000,144720,360720,0.11,0.99,756000,0.11,1600,106.6868,2700000,2927535
6,1,2,3,2,3,8,3,273,0.12,1,1,1,4,11100,5,154000,100100,254100,0.05,0.83,364000,0.05,1000,106.6868,1400000,1313762
3,1,2,3,3,2,1,8,182,0.079,8,3,6,3,10900,1,288000,190080,478080,0.07,0.89,1344000,0.07,1500,106.6868,3200000,3753123
9,1,2,2,3,4,8,8,182,0.119,1,1,7,3,11600,3,228000,148200,376200,0.05,0.96,893000,0.13,400,106.6868,1900000,2136686
5,0,2,2,4,4,10,2,182,0.101,10,4,6,5,11000,1,40000,30000,70000,0.03,0.67,150000,0.2,1900,106.6868,500000,546175
0,0,2,2,4,4,1,3,182,0.13,9,4,4,5,11400,3,504000,347760,851760,0.04,1,3360000,0.08,200,106.6868,4200000,5246419
5,1,1,1,4,4,8,5,273,0.148,1,1,1,5,11100,5,450000,306000,756000,0.05,0.83,1850000,0.16,500,106.6868,5000000,5668795
7,1,1,1,4,3,10,4,273,0.076,7,3,3,4,10500,5,216000,140400,356400,0.11,0.9,1104000,0.13,600,106.6868,2400000,2873778
3,0,1,2,3,4,5,2,182,0.113,7,3,10,3,10400,2,550000,374000,924000,0.09,0.99,2450000,0.13,400,106.6868,5000000,5784658
7,0,1,3,2,2,9,10,273,0.072,1,1,9,4,10600,1,280000,198800,478800,0.04,0.84,1680000,0.03,1600,106.6868,3500000,4289795
0,1,1,2,4,1,2,4,365,0.053,5,3,6,3,10500,3,261000,182700,443700,0.08,0.89,2175000,0.05,1500,106.5182,2900000,3729466
6,1,2,2,3,2,1,4,273,0.149,10,4,10,5,10300,2,150000,103500,253500,0.05,0.96,525000,0,1100,106.5182,1500000,1620645
5,0,1,1,3,2,2,2,273,0.139,9,4,5,5,11600,5,60000,43200,103200,0.11,0.88,360000,0.18,1100,106.5182,600000,734840
0,0,2,2,1,5,8,3,365,0.075,5,3,4,2,10300,5,328000,216480,544480,0.09,0.71,2132000,0,400,106.5182,4100000,5115968
7,1,2,1,4,4,10,7,181,0.055,2,1,5,3,12000,5,387000,290250,677250,0.12,0.82,1548000,0.17,1900,91.9065,4300000,4773738
0,1,2,3,2,1,6,10,273,0.14,3,2,3,2,11700,2,216000,157680,373680,0.04,0.81,1656000,0.04,1500,91.9065,2400000,3033192
4,1,2,2,4,3,3,6,90,0.14,4,2,5,4,11800,3,350000,227500,577500,0.03,0.76,1225000,0.14,100,91.9065,3500000,3802100
8,0,2,3,4,5,7,7,90,0.118,10,4,9,3,11900,1,180000,122400,302400,0.08,0.98,975000,0.08,800,91.9065,1500000,1803198
5,1,2,2,4,5,6,6,181,0.051,9,4,5,4,10900,1,216000,142560,358560,0.05,0.88,756000,0.12,1700,91.9065,2700000,2927898
3,1,2,1,4,5,8,10,181,0.108,1,1,5,2,11300,1,154000,107800,261800,0.07,0.96,658000,0.05,800,92.2135,1400000,1593935
3,0,1,3,4,3,7,8,90,0.129,5,3,10,5,11100,4,328000,219760,547760,0.11,0.78,1353000,0.03,900,92.2135,4100000,4647062
0,0,1,1,3,2,5,8,273,0.102,7,3,10,4,10900,5,40000,29200,69200,0.1,0.65,236000,0.02,1800,92.2135,400000,486039
8,0,2,2,4,4,9,7,181,0.052,5,3,6,2,10700,3,170000,124100,294100,0.11,0.73,476000,0.1,2000,92.2135,1700000,1680955
4,1,1,2,4,4,2,4,273,0.141,9,4,4,3,11900,2,312000,218400,530400,0.12,0.98,2184000,0.15,1000,92.8133,3900000,4880036
8,0,2,3,4,5,6,2,0,0.079,10,4,4,3,11400,5,348000,229680,577680,0.06,0.77,1276000,0.19,1400,93.1984,2900000,3188205
2,1,1,1,1,1,10,4,275,0.103,8,3,5,4,10700,5,48000,34560,82560,0.04,0.71,288000,0.03,300,93.1984,400000,487894
8,1,2,1,4,1,7,8,183,0.092,5,3,7,4,10800,1,400000,296000,696000,0.09,0.92,3950000,0.13,500,93.1984,5000000,6497434
0,1,2,3,3,3,2,6,183,0.12,2,1,9,2,11200,4,517000,367070,884070,0.07,0.67,2115000,0.19,800,93.1984,4700000,5282906
2,1,1,2,2,4,2,4,91,0.056,6,3,3,2,11200,3,336000,252000,588000,0.05,0.65,3234000,0.02,700,93.1984,4200000,5440880
0,1,1,3,4,5,1,10,275,0.135,4,2,9,5,11200,4,260000,174200,434200,0.12,0.76,676000,0.2,1500,93.1984,2600000,2531047
0,0,1,2,3,1,3,8,275,0.115,7,3,2,2,10300,1,176000,132000,308000,0.04,0.85,1184000,0.02,400,93.1984,1600000,1981978
0,0,1,1,3,4,2,2,183,0.094,8,3,5,2,11600,5,48000,31680,79680,0.03,0.9,276000,0.08,2000,94.6492,400000,487248
1,0,1,2,4,4,9,8,183,0.105,10,4,2,4,11700,5,209000,152570,361570,0.03,0.67,1444000,0.15,800,94.6492,1900000,2367015
1,0,2,1,1,4,1,9,183,0.105,5,3,5,5,11000,1,576000,432000,1008000,0.1,0.72,1488000,0.09,400,94.6492,4800000,4569089
0,0,2,2,1,3,6,9,365,0.063,1,1,6,2,10500,1,24000,16800,40800,0.03,0.97,90000,0.03,500,94.8328,200000,220163
0,0,1,2,1,3,1,7,184,0.053,6,3,8,2,10800,4,506000,344080,850080,0.1,0.91,1242000,0.09,2000,95.2539,4600000,4359401
1,1,2,3,2,4,1,8,274,0.135,8,3,1,5,11900,3,440000,325600,765600,0.1,0.73,2200000,0.07,1100,95.2539,4400000,5167883
1,1,2,1,3,5,3,1,92,0.082,7,3,6,5,11000,2,60000,42000,102000,0.03,0.91,354000,0.13,400,95.2539,600000,730999
0,0,1,1,2,3,1,2,92,0.097,4,2,7,4,11800,2,77000,51590,128590,0.05,0.68,399000,0.11,300,95.2539,700000,835349
9,1,2,3,4,4,4,8,184,0.089,4,2,10,3,12000,3,180000,127800,307800,0.12,0.66,1185000,0.04,900,95.6092,1500000,1858497
6,1,1,2,3,3,5,3,184,0.121,1,1,10,4,10300,3,410000,299300,709300,0.03,0.98,2583000,0.04,1800,95.6092,4100000,5035169
6,1,1,2,2,1,5,4,92,0.126,6,3,8,4,12000,5,234000,175500,409500,0.09,0.76,1768000,0.17,1200,95.6092,2600000,3274564
4,1,2,2,4,4,4,5,365,0.147,3,2,1,5,11700,1,344000,240800,584800,0.06,0.73,2666000,0,600,95.6092,4300000,5454061
3,0,1,3,4,2,5,7,365,0.115,1,1,6,2,10400,3,390000,292500,682500,0.12,0.89,2418000,0.13,1100,95.8794,3900000,4767855
8,1,2,2,3,4,1,2,365,0.099,3,2,1,2,11900,2,312000,230880,542880,0.05,0.69,2080000,0.08,1600,95.8794,2600000,3218984
0,0,2,1,1,5,8,6,182,0.065,8,3,8,4,12000,3,108000,77760,185760,0.11,0.75,540000,0.01,1800,95.6362,900000,1059812
4,0,1,2,1,3,9,10,92,0.106,5,3,9,2,12000,4,552000,408480,960480,0.12,0.87,3680000,0.16,800,95.6362,4600000,5694827
8,1,2,1,2,1,9,6,273,0.067,10,4,3,4,12000,2,312000,202800,514800,0.12,0.95,1716000,0.18,700,95.7002,2600000,3144860
7,1,1,3,2,2,9,10,92,0.076,6,3,2,2,10800,4,117000,77220,194220,0.05,0.98,897000,0,600,95.7002,1300000,1651566
2,1,2,3,2,5,10,6,182,0.126,5,3,2,5,10200,3,232000,162400,394400,0.03,0.89,2262000,0.01,300,95.7002,2900000,3772386
2,1,1,3,4,1,3,6,365,0.064,7,3,5,5,11700,2,108000,72360,180360,0.05,0.69,372000,0,1600,96.4959,1200000,1292893
9,0,1,2,2,4,8,3,365,0.093,7,3,8,5,10700,4,528000,364320,892320,0.07,0.97,2948000,0,800,96.4959,4400000,5313355
5,0,1,2,2,4,8,1,181,0.125,9,4,9,3,10100,1,319000,232870,551870,0.06,0.83,754000,0.03,900,96.4283,2900000,2667907
7,1,1,2,1,4,8,7,181,0.051,6,3,10,3,11300,4,528000,364320,892320,0.07,0.66,1100000,0.04,1000,96.4283,4400000,3855839
6,1,2,2,2,3,8,1,273,0.107,1,1,3,4,10700,1,384000,280320,664320,0.05,0.9,896000,0.01,1900,96.4283,3200000,2926564
5,1,2,3,4,2,6,4,273,0.095,7,3,5,4,10700,2,440000,303600,743600,0.1,0.81,1628000,0.03,1700,96.0111,4400000,4825117
7,0,2,3,1,4,7,7,273,0.078,7,3,2,2,11800,5,385000,284900,669900,0.1,0.95,1505000,0.19,100,96.0111,3500000,3866847
1,1,2,1,4,2,6,7,90,0.117,4,2,4,4,10100,4,308000,221760,529760,0.05,0.72,1596000,0.2,1300,96.0111,2800000,3321347
1,0,1,2,3,3,8,5,273,0.112,1,1,6,2,10300,1,480000,345600,825600,0.09,0.78,1680000,0.09,800,96.0111,4800000,5147893
5,1,2,3,3,4,6,3,365,0.131,3,2,3,4,11700,5,290000,200100,490100,0.05,0.75,1943000,0.13,1200,96.0111,2900000,3608979
5,1,2,3,2,5,10,3,91,0.107,3,2,2,4,12000,2,341000,225060,566060,0.1,0.82,1736000,0.01,2000,96.4337,3100000,3690435
7,1,1,1,3,4,9,7,275,0.105,4,2,5,3,11400,5,300000,219000,519000,0.08,0.92,1025000,0.03,600,96.4337,2500000,2655706
3,0,2,3,3,3,4,3,91,0.059,3,2,5,2,10600,1,451000,297660,748660,0.04,0.79,2583000,0.1,1000,96.6227,4100000,4989406
1,0,2,2,1,3,3,9,183,0.083,9,4,6,5,11500,5,297000,204930,501930,0.06,0.65,1914000,0.02,400,96.6227,3300000,4082552
4,1,1,2,4,4,2,3,366,0.144,5,3,6,4,10900,2,256000,192000,448000,0.03,0.76,1792000,0.08,2000,96.6227,3200000,3987591
8,0,1,1,1,4,3,7,183,0.083,1,1,7,2,11900,4,110000,81400,191400,0.11,0.85,649000,0.02,500,96.8573,1100000,1334688
3,1,1,3,3,1,1,6,92,0.068,7,3,1,3,11100,2,210000,157500,367500,0.1,0.97,1533000,0.15,1100,97.3169,2100000,2632434
2,1,2,1,2,3,5,3,184,0.106,2,1,9,5,11600,3,230000,172500,402500,0.04,0.89,759000,0,1300,97.3169,2300000,2405827
3,0,2,2,3,2,2,9,275,0.075,7,3,9,4,11200,5,184000,125120,309120,0.04,0.95,782000,0.13,1700,97.7956,2300000,2622985
7,0,2,3,3,5,1,1,92,0.12,9,4,3,2,11200,3,306000,201960,507960,0.1,0.71,1530000,0,500,97.7474,3400000,4032904
2,0,2,1,1,5,7,6,184,0.112,1,1,6,3,11700,2,341000,221650,562650,0.05,0.84,1209000,0.17,1800,97.7474,3100000,3380756
7,0,2,1,2,1,1,2,366,0.09,8,3,2,5,10500,3,576000,397440,973440,0.08,0.74,2832000,0.09,300,97.7474,4800000,5652618
0,0,2,1,4,4,6,2,366,0.102,7,3,10,2,11000,4,165000,107250,272250,0.05,0.9,480000,0.02,1600,97.7474,1500000,1532520
7,1,1,3,4,4,7,3,183,0.062,8,3,5,5,10600,1,392000,286160,678160,0.05,0.78,3038000,0.07,2000,98.4096,4900000,6201167
7,1,2,3,1,5,5,6,274,0.082,9,4,2,3,11900,5,286000,185900,471900,0.09,0.87,1872000,0.02,500,98.4096,2600000,3235886
4,0,2,2,4,4,7,10,183,0.063,1,1,6,2,10200,1,256000,181760,437760,0.11,0.72,2304000,0.04,800,98.4096,3200000,4126689
9,1,2,3,4,2,8,2,92,0.114,5,3,7,3,10100,5,120000,82800,202800,0.08,0.89,300000,0.13,1100,98.4096,1200000,1143439
3,1,1,3,2,1,8,9,274,0.117,10,4,10,5,11300,1,410000,307500,717500,0.06,0.73,2911000,0.02,1900,98.4096,4100000,5119425
6,1,2,1,1,1,4,10,92,0.136,5,3,2,3,11200,4,324000,220320,544320,0.1,0.91,1593000,0.04,700,98.4096,2700000,3183512
2,1,2,3,3,3,6,4,92,0.109,4,2,10,2,10600,1,410000,303400,713400,0.04,0.96,3280000,0.03,1700,98.4096,4100000,5205718
4,0,1,3,2,4,9,9,183,0.136,4,2,4,2,10900,5,432000,306720,738720,0.05,0.81,1392000,0.13,1800,98.281,4800000,5019297
7,0,2,3,2,1,9,4,274,0.124,6,3,3,3,11500,4,408000,273360,681360,0.09,1,2176000,0.07,1600,98.6739,3400000,4079831
8,1,2,2,2,4,7,10,183,0.123,5,3,6,3,11100,5,300000,219000,519000,0.08,0.99,2280000,0.02,1900,98.6739,3000000,3787062
0,0,1,2,4,4,2,6,182,0.133,4,2,5,5,11200,5,208000,147680,355680,0.12,0.81,1040000,0.17,500,99.3787,2600000,3065186
1,1,1,1,3,4,1,3,182,0.077,6,3,1,5,11800,4,184000,132480,316480,0.05,0.98,1748000,0.08,2000,99.3787,2300000,2980878
8,1,1,2,2,2,8,10,91,0.15,5,3,4,5,11300,2,144000,105120,249120,0.07,0.9,1008000,0.11,500,99.3787,1600000,1997050
5,1,2,3,1,5,9,7,91,0.116,7,3,4,5,11900,5,506000,369380,875380,0.06,0.91,1150000,0.07,700,99.3787,4600000,4155552
1,0,2,2,3,3,9,2,274,0.065,10,4,4,4,10200,1,108000,71280,179280,0.1,0.76,768000,0.06,1900,99.6578,1200000,1509933
9,1,1,3,2,2,3,5,366,0.077,8,3,1,5,10600,5,432000,315360,747360,0.07,0.74,1620000,0.07,1100,99.6578,3600000,3936338
5,0,2,2,2,1,9,5,182,0.112,6,3,2,5,11200,5,207000,149040,356040,0.1,0.89,1311000,0.13,900,99.6578,2300000,2829758
1,0,2,3,3,3,2,3,274,0.137,8,3,7,2,10900,2,72000,51120,123120,0.05,0.72,369000,0.19,600,99.6578,900000,1066771
8,0,2,3,1,5,10,7,366,0.105,6,3,7,5,11900,2,310000,201500,511500,0.09,0.96,1550000,0.15,1300,98.9579,3100000,3681839
8,0,2,3,3,2,3,8,183,0.111,5,3,7,5,11600,4,528000,374880,902880,0.03,0.77,1672000,0.07,800,100.0042,4400000,4573470
7,1,2,2,1,5,2,8,91,0.072,6,3,7,3,10100,4,360000,266400,626400,0.05,0.7,1080000,0.12,400,100.0042,3600000,3646750
9,0,2,2,4,2,2,9,275,0.11,7,3,2,3,11000,3,380000,273600,653600,0.04,0.66,1216000,0.15,1300,100.0042,3800000,3956350
0,1,2,1,3,5,5,9,365,0.094,9,4,2,2,11400,5,110000,75900,185900,0.04,0.69,420000,0.16,1200,100.0318,1000000,1106893
0,1,1,3,1,5,7,3,183,0.122,6,3,4,5,11300,5,576000,385920,961920,0.12,0.99,1440000,0.16,1600,100.0318,4800000,4596414
2,0,2,2,1,1,4,6,274,0.052,2,1,8,5,10200,2,32000,22720,54720,0.07,0.76,268000,0.06,100,100.3132,400000,511950
8,0,2,1,2,5,7,2,92,0.095,2,1,10,2,11800,3,192000,130560,322560,0.12,0.98,800000,0.01,1400,100.3132,1600000,1815429
2,0,1,1,4,2,7,2,274,0.114,4,2,4,3,11800,3,410000,299300,709300,0.09,0.69,1230000,0.2,900,99.8389,4100000,4162344
4,0,1,1,3,5,8,4,184,0.135,7,3,3,4,10400,2,288000,207360,495360,0.06,0.96,1408000,0.13,1800,99.8389,3200000,3749601
2,0,1,1,1,5,3,3,365,0.062,8,3,3,2,10100,5,414000,293940,707940,0.1,0.87,3634000,0.06,400,99.9599,4600000,5916204
8,1,1,2,1,2,2,3,92,0.137,2,1,2,2,11400,2,108000,77760,185760,0.06,0.95,696000,0.18,1400,99.9599,1200000,1480499
9,0,1,3,1,2,9,1,184,0.123,3,2,9,4,11400,1,176000,116160,292160,0.11,0.88,1496000,0.07,400,99.9599,2200000,2828771
5,1,2,3,3,4,6,6,365,0.066,8,3,10,2,11200,1,153000,99450,252450,0.03,0.81,884000,0.13,1100,99.9599,1700000,2074425
9,1,2,1,2,3,4,6,273,0.076,2,1,4,5,10200,3,110000,72600,182600,0.04,0.69,506000,0.07,1200,100.7651,1100000,1281908
6,0,1,2,1,5,3,8,92,0.08,5,3,9,5,11800,1,20000,15000,35000,0.06,0.86,86000,0.09,1700,100.7651,200000,226522
6,1,1,3,4,3,10,8,365,0.146,6,3,10,3,10300,3,81000,59130,140130,0.04,0.96,450000,0.18,900,100.7651,900000,1081423
1,1,2,2,3,2,9,6,92,0.08,7,3,10,2,10900,1,120000,80400,200400,0.08,0.9,270000,0.1,900,100.7651,1000000,914201
2,1,1,2,4,3,1,6,182,0.074,8,3,2,4,10800,5,72000,47520,119520,0.08,0.81,396000,0.16,300,101.0382,900000,1087551
4,0,2,2,4,3,1,4,365,0.082,2,1,2,3,10900,4,232000,164720,396720,0.07,0.83,1624000,0.01,1800,101.0382,2900000,3625847
5,0,2,3,4,5,8,7,273,0.117,6,3,1,2,10400,2,189000,141750,330750,0.1,0.76,1428000,0.2,600,101.0382,2100000,2644959
3,1,2,1,3,5,8,5,90,0.142,4,2,4,2,11100,3,387000,251550,638550,0.11,0.88,1935000,0.01,500,100.9614,4300000,5106667
7,1,1,3,2,3,10,3,273,0.101,5,3,9,5,10100,1,385000,254100,639100,0.08,0.95,1295000,0.14,1200,100.9614,3500000,3748747
3,0,2,2,1,3,10,6,181,0.136,2,1,5,2,11600,5,351000,263250,614250,0.08,0.98,1950000,0.09,300,101.4781,3900000,4674410
2,0,1,1,1,3,9,10,365,0.07,6,3,8,2,10800,3,88000,58080,146080,0.12,0.85,308000,0.18,1000,101.4781,1100000,1193337
4,1,1,2,4,4,6,5,90,0.093,10,4,10,5,12000,2,564000,423000,987000,0.05,0.8,3243000,0.19,1300,101.6302,4700000,5669723
1,0,2,2,3,2,7,5,91,0.086,9,4,8,5,10100,3,220000,154000,374000,0.08,0.75,1340000,0.01,400,101.5825,2000000,2449618
6,0,2,3,3,1,5,10,275,0.075,6,3,4,5,10600,1,120000,79200,199200,0.04,0.7,490000,0.06,700,101.6016,1000000,1132449
6,1,2,1,4,2,5,6,91,0.117,8,3,2,4,10200,5,204000,146880,350880,0.07,0.9,1207000,0.05,1400,101.8221,1700000,2067745
3,1,1,2,3,4,8,8,92,0.139,10,4,7,2,11200,3,384000,249600,633600,0.11,0.87,2016000,0.05,100,101.2443,4800000,5755551
0,0,1,3,1,2,8,7,365,0.072,7,3,7,3,10500,1,165000,122100,287100,0.04,0.68,720000,0.02,400,101.2443,1500000,1707014
2,0,2,2,2,3,6,4,92,0.125,9,4,6,3,11700,3,429000,300300,729300,0.04,0.97,2574000,0.14,700,101.2443,3900000,4764593
4,1,1,2,1,5,7,4,274,0.066,3,2,10,2,12000,3,18000,12420,30420,0.11,0.98,54000,0,400,102.4847,200000,205262
9,0,1,1,3,5,7,1,365,0.148,8,3,3,2,10800,2,470000,343100,813100,0.09,0.99,2585000,0,400,102.4847,4700000,5634922
4,1,1,3,1,4,5,1,365,0.064,1,1,7,3,10700,1,117000,83070,200070,0.1,0.85,780000,0.09,800,102.4847,1300000,1613966
7,1,2,1,1,4,2,5,365,0.116,10,4,5,5,10700,2,270000,180900,450900,0.1,0.68,2190000,0.1,1400,102.4847,3000000,3834495
7,1,1,2,1,2,8,5,92,0.103,10,4,5,2,11800,3,396000,289080,685080,0.08,0.71,2860000,0.1,800,102.4287,4400000,5516128
2,1,1,1,1,1,10,6,182,0.096,7,3,5,2,11900,5,165000,107250,272250,0.11,0.92,420000,0.13,200,102.7732,1500000,1454759
7,1,2,1,2,2,5,3,182,0.142,3,2,9,5,10100,4,420000,302400,722400,0.08,0.76,2100000,0.2,300,102.9513,4200000,4945160
2,1,1,1,4,4,3,2,365,0.136,5,3,3,2,12000,1,140000,95200,235200,0.07,0.78,560000,0.04,1000,102.9513,1400000,1571989
5,0,1,3,4,5,9,5,90,0.15,7,3,3,2,11800,5,84000,59640,143640,0.06,0.73,469000,0.18,400,102.4621,700000,843509
2,1,1,2,4,2,10,3,90,0.052,7,3,1,3,10800,4,224000,163520,387520,0.08,0.97,1148000,0.14,300,102.4621,2800000,3309881
7,0,1,2,3,4,5,6,90,0.066,10,4,3,3,10200,2,16000,11840,27840,0.09,0.72,54000,0.13,1800,102.4621,200000,211367
7,0,2,3,1,1,1,9,181,0.093,3,2,9,2,10900,2,260000,171600,431600,0.12,0.88,1456000,0.02,2000,103.2919,2600000,3151626
8,1,1,1,2,2,7,10,181,0.058,8,3,8,5,11300,2,120000,87600,207600,0.04,0.69,504000,0.05,300,104.0896,1200000,1354243
3,0,2,2,4,2,4,2,183,0.088,8,3,1,2,11000,1,342000,232560,574560,0.09,0.91,1444000,0.11,1900,104.2409,3800000,4326043
6,1,1,1,4,4,4,4,183,0.093,1,1,5,3,10600,1,200000,132000,332000,0.08,0.69,1000000,0.05,400,104.6541,2500000,2965514
9,1,2,2,1,2,1,4,275,0.075,6,3,2,4,10900,1,390000,280800,670800,0.11,0.97,1599000,0.15,1500,104.6541,3900000,4379607
8,1,2,2,3,3,10,2,275,0.133,4,2,1,5,10700,1,341000,238700,579700,0.09,0.72,1023000,0,1500,104.6541,3100000,3167504
2,0,2,3,4,3,9,2,183,0.099,5,3,5,3,10200,4,56000,40880,96880,0.08,0.91,364000,0.11,500,105.1223,700000,864150
5,0,1,2,2,5,8,4,183,0.132,9,4,5,3,10200,1,220000,156200,376200,0.05,0.92,740000,0.01,300,105.1223,2000000,2121786
0,0,1,2,3,2,2,2,183,0.095,8,3,4,3,11400,5,280000,193200,473200,0.04,0.8,1225000,0.2,1000,105.1223,3500000,4013816
1,0,2,2,1,3,9,7,91,0.15,1,1,9,4,11100,1,484000,348480,832480,0.1,0.92,1144000,0.08,1700,105.1223,4400000,4058204
0,0,2,2,3,4,7,3,365,0.114,3,2,5,5,10500,5,225000,168750,393750,0.04,0.88,1350000,0.01,1800,105.1223,2500000,3039267
3,0,2,1,4,1,7,4,183,0.083,1,1,2,4,10100,2,104000,71760,175760,0.1,0.95,936000,0.06,800,105.1223,1300000,1678617
6,1,2,2,2,3,6,8,184,0.132,3,2,3,3,11400,5,128000,83200,211200,0.1,0.8,640000,0.17,300,105.2073,1600000,1900342
0,0,1,1,3,1,10,4,274,0.129,2,1,9,2,10300,4,504000,372960,876960,0.03,0.93,1050000,0.05,600,105.2073,4200000,3628135
9,1,2,1,4,3,3,9,274,0.124,1,1,6,2,11900,2,470000,347800,817800,0.12,0.78,1316000,0.11,1300,105.2073,4700000,4636312
1,0,1,1,1,2,9,10,92,0.148,4,2,7,5,10700,3,360000,266400,626400,0.03,0.99,2400000,0.06,1400,105.1989,3000000,3714040
5,1,1,3,2,4,8,3,184,0.072,4,2,3,2,10800,2,171000,128250,299250,0.07,0.81,1121000,0.11,1500,105.575,1900000,2344081
5,1,1,2,1,1,6,5,365,0.062,5,3,8,2,11200,4,279000,198090,477090,0.06,0.67,2418000,0.15,1700,105.575,3100000,3981513
9,1,1,1,1,3,9,2,365,0.133,6,3,6,5,10800,4,90000,58500,148500,0.07,0.95,650000,0.13,700,105.575,1000000,1261998
7,1,2,1,2,1,8,5,182,0.052,10,4,1,3,10500,4,352000,242880,594880,0.11,0.96,2528000,0.05,1200,105.6441,3200000,4021619
4,0,2,2,1,5,4,1,92,0.113,6,3,9,3,11500,5,297000,193050,490050,0.11,0.92,1221000,0.19,1100,105.6441,3300000,3748611
1,1,2,1,4,4,8,6,273,0.071,2,1,6,2,11600,2,290000,194300,484300,0.09,0.76,1131000,0.01,500,105.6441,2900000,3238791
3,0,1,2,4,4,10,7,273,0.074,6,3,6,3,11700,1,60000,39000,99000,0.1,1,395000,0.05,600,106.6868,500000,622963
9,1,1,3,1,1,3,8,182,0.07,7,3,2,5,10100,2,130000,94900,224900,0.03,0.91,754000,0.19,600,106.5182,1300000,1574124
0,0,1,1,3,2,7,7,273,0.127,8,3,7,2,11600,1,225000,150750,375750,0.06,0.89,1675000,0.17,600,106.5182,2500000,3161999
